[
    {
      "id": 5,
      "nome": "Bermuda Jeans Rasgada Preta",
      "descricao": "Bermuda preta rasgada com bolsos",
      "preco": 79.90,
      "tags": [
        "moda masculina",
        "bermuda jeans",
        "preto",
        "rasgada"
      ],
      "imagem": "https://i.pinimg.com/564x/a7/48/96/a74896143f9e63112a0a05178f90d6e7.jpg"
    },
    {
      "id": 6,
      "nome": "Bermuda Jeans Branca",
      "descricao": "Bermuda branca com bolsos e cordão de ajuste",
      "preco": 89.90,
      "tags": [
        "moda masculina",
        "bermuda jeans",
        "branco",
        "cordão de ajuste"
      ],
      "imagem": "https://i.pinimg.com/564x/ad/2e/41/ad2e415c9c30b1ed0e2e450e71abc258.jpg"
    },
    {
      "id": 7,
      "nome": "Bermuda Jeans Preta",
      "descricao": "Bermuda preta com bolsos não elástica",
      "preco": 69.90,
      "tags": [
        "moda masculina",
        "bermuda jeans",
        "preto",
        "não elástica"
      ],
      "imagem": "https://i.pinimg.com/564x/6f/9d/b4/6f9db4bab7156d596d4bb6e5898f71b0.jpg"
    },
    {
      "id": 8,
      "nome": "Bermuda Jeans Cinza Claro",
      "descricao": "Bermuda cinza com ajuste folgado e bolsos",
      "preco": 79.90,
      "tags": [
        "moda masculina",
        "bermuda jeans",
        "cinza claro",
        "folgado"
      ],
      "imagem": "https://i.pinimg.com/564x/1e/03/be/1e03bee41c28a79859eeb800a43bcde6.jpg"
    }
  ]
  