[
    {
      "id": 1,
      "nome": "Camisa Texturizada",
      "descricao": "Camisa leve e fresca.",
      "preco": 120,
      "tags": [
        "moda",
        "camisa",
        "preto"
      ],
      "imagem": "https://img.lojasrenner.com.br/item/798652963/large/1.jpg"
    },
    {
      "id": 2,
      "nome": "Camisa Em Viscolinho",
      "descricao": "Camisa sofisticada.",
      "preco": 80,
      "tags": [
        "moda",
        "camisa",
        "azulclaro"
      ],
      "imagem": "https://img.lojasrenner.com.br/item/879713676/large/3.jpg"
    },
    {
      "id": 3,
      "nome": "Camisa Em Chiffon",
      "descricao": "Camisa fresca com transparência.",
      "preco": 150,
      "tags": [
        "moda",
        "camisa",
        "lançamento"
      ],
      "imagem": "https://img.lojasrenner.com.br/item/882204565/large/3.jpg"
    },
    {
      "id": 4,
      "nome": "Camisa Em Viscose",
      "descricao": "Camisa leve e confortável.",
      "preco": 120,
      "tags": [
        "moda",
        "camisa",
        "preto"
      ],
      "imagem": "https://img.lojasrenner.com.br/item/883289986/large/1.jpg"
    }
  ]
  